Phone Number,Lead Count,Lead 1 ID,Lead 1 Name,Lead 1 IG,Lead 1 CreatedAt,Lead 2 ID,Lead 2 Name,Lead 2 IG,Lead 2 CreatedAt,Additional Leads...
"",145,"6a3ce661203de765c1776dbc","","","Thu Jun 25 2026 10:22:22 GMT+0530 (India Standard Time)","6a3cc136d6cff81164660b21","","","Thu Jun 25 2026 11:18:38 GMT+0530 (India Standard Time)","6a3cc149d6cff81164660ba7","","","Thu Jun 25 2026 11:18:57 GMT+0530 (India Standard Time)","6a3cc156d6cff81164660bf8","","","Thu Jun 25 2026 11:19:10 GMT+0530 (India Standard Time)","6a3cc15dd6cff81164660c28","","","Thu Jun 25 2026 11:19:17 GMT+0530 (India Standard Time)","6a3cc169d6cff81164660c7a","","","Thu Jun 25 2026 11:19:29 GMT+0530 (India Standard Time)","6a3cc17cd6cff81164660cdb","","","Thu Jun 25 2026 11:19:48 GMT+0530 (India Standard Time)","6a3cc17ed6cff81164660cea","","","Thu Jun 25 2026 11:19:50 GMT+0530 (India Standard Time)","6a3cc17fd6cff81164660cf0","","","Thu Jun 25 2026 11:19:51 GMT+0530 (India Standard Time)","6a3cc18bd6cff81164660d47","","","Thu Jun 25 2026 11:20:03 GMT+0530 (India Standard Time)","6a3cc18cd6cff81164660d4c","","","Thu Jun 25 2026 11:20:04 GMT+0530 (India Standard Time)","6a3cc18dd6cff81164660d53","","","Thu Jun 25 2026 11:20:05 GMT+0530 (India Standard Time)","6a3cc1a8d6cff81164660e07","","","Thu Jun 25 2026 11:20:32 GMT+0530 (India Standard Time)","6a3cc1b5d6cff81164660e5f","MHD ZUBAIR ","","Thu Jun 25 2026 11:20:45 GMT+0530 (India Standard Time)","6a3cc1bed6cff81164660e9f","SYED AHAMED","","Thu Jun 25 2026 11:20:54 GMT+0530 (India Standard Time)","6a3cc1c3d6cff81164660ebd","","","Thu Jun 25 2026 11:20:59 GMT+0530 (India Standard Time)","6a3cc1dcd6cff81164660f64","","","Thu Jun 25 2026 11:21:24 GMT+0530 (India Standard Time)","6a3cc20ad6cff8116466106f","USMAN","","Thu Jun 25 2026 11:22:10 GMT+0530 (India Standard Time)","6a3cc20ed6cff81164661087","","","Thu Jun 25 2026 11:22:14 GMT+0530 (India Standard Time)","6a3ccd40a60b902e808f46eb","","","Thu Jun 25 2026 12:10:00 GMT+0530 (India Standard Time)","6a3cda5e60417312b4a002eb","","","Thu Jun 25 2026 13:05:58 GMT+0530 (India Standard Time)","6a3ce0ac60417312b4a0037f","","","Thu Jun 25 2026 13:32:52 GMT+0530 (India Standard Time)","6a3d0778ad8f268e7c515b58","","","Thu Jun 25 2026 16:18:24 GMT+0530 (India Standard Time)","6a3d2428ad8f268e7c515bb6","","","Thu Jun 25 2026 18:20:48 GMT+0530 (India Standard Time)","6a3d293bad8f268e7c515bca","","","Thu Jun 25 2026 18:42:27 GMT+0530 (India Standard Time)","6a3d2b11ad8f268e7c515bd6","","","Thu Jun 25 2026 18:50:17 GMT+0530 (India Standard Time)","6a3d3d07ad8f268e7c515c00","","","Thu Jun 25 2026 20:06:55 GMT+0530 (India Standard Time)","6a3d5e7a08ad7317d5011441","","","Thu Jun 25 2026 22:29:38 GMT+0530 (India Standard Time)","6a3d61341e8f4ad48de42d3c","","","Thu Jun 25 2026 22:41:16 GMT+0530 (India Standard Time)","6a3d61561e8f4ad48de42d40","","","Thu Jun 25 2026 22:41:50 GMT+0530 (India Standard Time)","6a3d915ac8016f589d76dcdd","","","Fri Jun 26 2026 02:06:42 GMT+0530 (India Standard Time)","6a3d9b04c8016f589d76dce4","","","Fri Jun 26 2026 02:47:56 GMT+0530 (India Standard Time)","6a3dc474c8016f589d76dd37","","","Fri Jun 26 2026 05:44:44 GMT+0530 (India Standard Time)","6a3dc54fc8016f589d76dd3e","","","Fri Jun 26 2026 05:48:23 GMT+0530 (India Standard Time)","6a3dc75dc8016f589d76dd45","","","Fri Jun 26 2026 05:57:09 GMT+0530 (India Standard Time)","6a3dccc1c8016f589d76dd5d","","","Fri Jun 26 2026 06:20:09 GMT+0530 (India Standard Time)","6a3dcd6ec8016f589d76dd60","","","Fri Jun 26 2026 06:23:02 GMT+0530 (India Standard Time)","6a3dd0b8c8016f589d76dd6f","","","Fri Jun 26 2026 06:37:04 GMT+0530 (India Standard Time)","6a3de41ac8016f589d76dd82","","","Fri Jun 26 2026 07:59:46 GMT+0530 (India Standard Time)","6a3df4b1c8016f589d76dda9","","","Fri Jun 26 2026 09:10:33 GMT+0530 (India Standard Time)","6a3df8efc8016f589d76ddb4","","","Fri Jun 26 2026 09:28:39 GMT+0530 (India Standard Time)","6a3dfc81c8016f589d76ddbe","","","Fri Jun 26 2026 09:43:53 GMT+0530 (India Standard Time)","6a3dfee3c8016f589d76ddc9","","","Fri Jun 26 2026 09:54:03 GMT+0530 (India Standard Time)","6a3e157151146d1cf313b776","","","Fri Jun 26 2026 11:30:17 GMT+0530 (India Standard Time)","6a3e1bbf51146d1cf313b78b","MHD AMEEN","","Fri Jun 26 2026 11:57:11 GMT+0530 (India Standard Time)","6a3e21d951146d1cf313b7a1","AYAAN SHAIKH ","","Fri Jun 26 2026 12:23:13 GMT+0530 (India Standard Time)","6a3e21e751146d1cf313b7a4","","","Fri Jun 26 2026 12:23:27 GMT+0530 (India Standard Time)","6a3e388c51146d1cf313b7d8","","","Fri Jun 26 2026 14:00:04 GMT+0530 (India Standard Time)","6a3e472751146d1cf313b800","","","Fri Jun 26 2026 15:02:23 GMT+0530 (India Standard Time)","6a3e49c751146d1cf313b806","","","Fri Jun 26 2026 15:13:35 GMT+0530 (India Standard Time)","6a3e4b2c51146d1cf313b80b","DPSM","","Fri Jun 26 2026 15:19:32 GMT+0530 (India Standard Time)","6a3e4b4151146d1cf313b80e","","","Fri Jun 26 2026 15:19:53 GMT+0530 (India Standard Time)","6a3e4f8f51146d1cf313b81e","","","Fri Jun 26 2026 15:38:15 GMT+0530 (India Standard Time)","6a3e54d251146d1cf313b824","","","Fri Jun 26 2026 16:00:42 GMT+0530 (India Standard Time)","6a3e583751146d1cf313b835","","","Fri Jun 26 2026 16:15:11 GMT+0530 (India Standard Time)","6a3e5a7751146d1cf313b840","","","Fri Jun 26 2026 16:24:47 GMT+0530 (India Standard Time)","6a3e64b351146d1cf313b856","","","Fri Jun 26 2026 17:08:27 GMT+0530 (India Standard Time)","6a3e77b851146d1cf313b867","","","Fri Jun 26 2026 18:29:36 GMT+0530 (India Standard Time)","6a3e788051146d1cf313b86b","","","Fri Jun 26 2026 18:32:56 GMT+0530 (India Standard Time)","6a3e848d51146d1cf313b87a","MHD SAIFUDIN","","Fri Jun 26 2026 19:24:21 GMT+0530 (India Standard Time)","6a3e8a2151146d1cf313b87f","","","Fri Jun 26 2026 19:48:09 GMT+0530 (India Standard Time)","6a3e8aff51146d1cf313b887","","","Fri Jun 26 2026 19:51:51 GMT+0530 (India Standard Time)","6a3e98c651146d1cf313b899","","","Fri Jun 26 2026 20:50:38 GMT+0530 (India Standard Time)","6a3ea4e551146d1cf313b8ab","","","Fri Jun 26 2026 21:42:21 GMT+0530 (India Standard Time)","6a3ea98251146d1cf313b8b2","","","Fri Jun 26 2026 22:02:02 GMT+0530 (India Standard Time)","6a3eb19e51146d1cf313b8bb","","","Fri Jun 26 2026 22:36:38 GMT+0530 (India Standard Time)","6a3ebf2b51146d1cf313b8c8","","","Fri Jun 26 2026 23:34:27 GMT+0530 (India Standard Time)","6a3ebfe451146d1cf313b8cb","","","Fri Jun 26 2026 23:37:32 GMT+0530 (India Standard Time)","6a3ec0c751146d1cf313b8ce","","","Fri Jun 26 2026 23:41:19 GMT+0530 (India Standard Time)","6a3ed40e51146d1cf313b8e5","","","Sat Jun 27 2026 01:03:34 GMT+0530 (India Standard Time)","6a3edaac51146d1cf313b8ec","","","Sat Jun 27 2026 01:31:48 GMT+0530 (India Standard Time)","6a3eeab751146d1cf313b905","","","Sat Jun 27 2026 02:40:15 GMT+0530 (India Standard Time)","6a3efa9251146d1cf313b913","","","Sat Jun 27 2026 03:47:54 GMT+0530 (India Standard Time)","6a3f04d951146d1cf313b91c","","","Sat Jun 27 2026 04:31:45 GMT+0530 (India Standard Time)","6a3f06ef51146d1cf313b91f","","","Sat Jun 27 2026 04:40:39 GMT+0530 (India Standard Time)","6a3f41ab51146d1cf313b937","","","Sat Jun 27 2026 08:51:15 GMT+0530 (India Standard Time)","6a3f46b051146d1cf313b93a","","","Sat Jun 27 2026 09:12:40 GMT+0530 (India Standard Time)","6a3f577751146d1cf313b95a","","","Sat Jun 27 2026 10:24:15 GMT+0530 (India Standard Time)","6a3f6e9d6b8cfdcb95230c53","","","Sat Jun 27 2026 12:03:01 GMT+0530 (India Standard Time)","6a3f6fa46b8cfdcb95230c58","","","Sat Jun 27 2026 12:07:24 GMT+0530 (India Standard Time)","6a3fa8406b8cfdcb95230c9b","","","Sat Jun 27 2026 16:08:56 GMT+0530 (India Standard Time)","6a3fab016b8cfdcb95230ca1","","","Sat Jun 27 2026 16:20:41 GMT+0530 (India Standard Time)","6a3fcbce6b8cfdcb95230cc3","","","Sat Jun 27 2026 18:40:38 GMT+0530 (India Standard Time)","6a3fea826b8cfdcb95230ce6","","","Sat Jun 27 2026 20:51:38 GMT+0530 (India Standard Time)","6a3ff39e6b8cfdcb95230d20","Khadeer Shaikh vijaywada/hyd","","Sat Jun 27 2026 21:30:30 GMT+0530 (India Standard Time)","6a3ff77d6b8cfdcb95230d2f","","","Sat Jun 27 2026 21:47:01 GMT+0530 (India Standard Time)","6a400f2ed2aa946dd336b1b5","","","Sat Jun 27 2026 23:28:06 GMT+0530 (India Standard Time)","6a4012f1d2aa946dd336b1bc","","","Sat Jun 27 2026 23:44:09 GMT+0530 (India Standard Time)","6a4015a4d2aa946dd336b1c1","","","Sat Jun 27 2026 23:55:40 GMT+0530 (India Standard Time)","6a401d1ed2aa946dd336b1cd","","","Sun Jun 28 2026 00:27:34 GMT+0530 (India Standard Time)","6a402941d2aa946dd336b1e9","","","Sun Jun 28 2026 01:19:21 GMT+0530 (India Standard Time)","6a40973bd2aa946dd336b230","","","Sun Jun 28 2026 09:08:35 GMT+0530 (India Standard Time)","6a409f43d2aa946dd336b244","","","Sun Jun 28 2026 09:42:51 GMT+0530 (India Standard Time)","6a40b07dd2aa946dd336b253","JUBAIL","","Sun Jun 28 2026 10:56:21 GMT+0530 (India Standard Time)","6a40b31ed2aa946dd336b259","","","Sun Jun 28 2026 11:07:34 GMT+0530 (India Standard Time)","6a40b8dcd2aa946dd336b263","","","Sun Jun 28 2026 11:32:04 GMT+0530 (India Standard Time)","6a40b969d2aa946dd336b266","","","Sun Jun 28 2026 11:34:25 GMT+0530 (India Standard Time)","6a40bf58d2aa946dd336b26e","","","Sun Jun 28 2026 11:59:44 GMT+0530 (India Standard Time)","6a40d35cd2aa946dd336b2a0","","","Sun Jun 28 2026 13:25:08 GMT+0530 (India Standard Time)","6a40f2ffd2aa946dd336b2d2","Heena irfan","","Sun Jun 28 2026 15:40:07 GMT+0530 (India Standard Time)","6a40f7f5d2aa946dd336b2da","","","Sun Jun 28 2026 16:01:17 GMT+0530 (India Standard Time)","6a411e5fd2aa946dd336b31b","RUFI BHAT","","Sun Jun 28 2026 18:45:11 GMT+0530 (India Standard Time)","6a412b91d2aa946dd336b326","Ashraf bang","","Sun Jun 28 2026 19:41:29 GMT+0530 (India Standard Time)","6a41373fd2aa946dd336b354","","","Sun Jun 28 2026 20:31:19 GMT+0530 (India Standard Time)","6a43a41cb1bb3e95908be6f2","","","Tue Jun 30 2026 16:40:20 GMT+0530 (India Standard Time)","6a450d7fb1bb3e95908be90b","","","Wed Jul 01 2026 18:22:15 GMT+0530 (India Standard Time)","6a46b12854385a854741556b","","","Fri Jul 03 2026 00:12:48 GMT+0530 (India Standard Time)","6a46c84954385a854741a701","","","Fri Jul 03 2026 01:51:29 GMT+0530 (India Standard Time)","6a4adb72e3c7f82cb0820170","Ignore him. He is a troll","","Mon Jul 06 2026 04:02:18 GMT+0530 (India Standard Time)","6a4d09611b5621aa525f603d","Afifa shaikh ","","Tue Jul 07 2026 19:42:49 GMT+0530 (India Standard Time)","6a583f472e2b0d7be9e8e66e","","","Thu Jul 16 2026 07:47:43 GMT+0530 (India Standard Time)","6a5892cf683eb94028700181","Mubeen Jahan","","Thu Jul 16 2026 13:44:07 GMT+0530 (India Standard Time)","6a5d02f1683eb9402880ac0b","","","Sun Jul 19 2026 22:31:37 GMT+0530 (India Standard Time)","6a6045ab3666b21695770e75","Test User","","Wed Jul 22 2026 09:53:07 GMT+0530 (India Standard Time)","6a60f34ae3865111720e803c","","","Wed Jul 22 2026 22:13:54 GMT+0530 (India Standard Time)","6a62e88982ec44019190d606","Test User","","Fri Jul 24 2026 09:52:33 GMT+0530 (India Standard Time)","6a62ea5282ec44019190d62e","Trial lead","","Fri Jul 24 2026 10:00:10 GMT+0530 (India Standard Time)","6a62eb89e3865111720e8c9b","","","Fri Jul 24 2026 10:05:21 GMT+0530 (India Standard Time)","6a62eb8ae3865111720e8c9d","Aara","","Fri Jul 24 2026 10:05:22 GMT+0530 (India Standard Time)","6a62fe27f7ce199aca31cc3e","Test User 1","","Fri Jul 24 2026 11:24:47 GMT+0530 (India Standard Time)","6a635aaa94482b58f4635cce","Ehrar bang","","Fri Jul 24 2026 17:59:30 GMT+0530 (India Standard Time)","6a635e4494482b58f4635e39","AAFIA JAMAL","","Fri Jul 24 2026 18:14:52 GMT+0530 (India Standard Time)","6a65aafadc6071a1621a30e3","","","Sun Jul 26 2026 12:06:42 GMT+0530 (India Standard Time)","6a6c649b8980ab9aa38b65c9","","","Fri Jul 31 2026 14:32:19 GMT+0530 (India Standard Time)","6a6cdaad4f4c5bcea1c89b96","","","Fri Jul 31 2026 22:56:05 GMT+0530 (India Standard Time)","6a6cdb6e4f4c5bcea1c89b9b","","","Fri Jul 31 2026 22:59:18 GMT+0530 (India Standard Time)","6a6d0f324f4c5bcea1c89be9","","","Sat Aug 01 2026 02:40:10 GMT+0530 (India Standard Time)","6a6d55944f4c5bcea1c89c01","","","Sat Aug 01 2026 07:40:28 GMT+0530 (India Standard Time)","6a6dc46a4f4c5bcea1c89f07","","","Sat Aug 01 2026 15:33:22 GMT+0530 (India Standard Time)","6a6ddab94f4c5bcea1c8a5fa","","","Sat Aug 01 2026 17:08:33 GMT+0530 (India Standard Time)","6a6de60b4f4c5bcea1c8a699","","","Sat Aug 01 2026 17:56:51 GMT+0530 (India Standard Time)","6a6e12f94f4c5bcea1c8a8c3","","","Sat Aug 01 2026 21:08:33 GMT+0530 (India Standard Time)","6a6e15614f4c5bcea1c8a8c8","","","Sat Aug 01 2026 21:18:49 GMT+0530 (India Standard Time)","6a6e1e544f4c5bcea1c8a8fd","","","Sat Aug 01 2026 21:57:00 GMT+0530 (India Standard Time)","6a6e843d4f4c5bcea1c8abfd","","","Sun Aug 02 2026 05:11:49 GMT+0530 (India Standard Time)","6a6e9d6c4f4c5bcea1c8ac4f","","","Sun Aug 02 2026 06:59:16 GMT+0530 (India Standard Time)","6a6ec8984f4c5bcea1c8acf1","","","Sun Aug 02 2026 10:03:28 GMT+0530 (India Standard Time)","6a6ed1174f4c5bcea1c8ad50","","","Sun Aug 02 2026 10:39:43 GMT+0530 (India Standard Time)","6a6ed7614f4c5bcea1c8ad6a","","","Sun Aug 02 2026 11:06:33 GMT+0530 (India Standard Time)","6a7048f74f4c5bcea1c8b57f","","","Mon Aug 03 2026 13:23:27 GMT+0530 (India Standard Time)","6a7092ab4f4c5bcea1c8b763","","","Mon Aug 03 2026 18:37:55 GMT+0530 (India Standard Time)","6a7095014f4c5bcea1c8b76b","","","Mon Aug 03 2026 18:47:53 GMT+0530 (India Standard Time)","6a70bfa34f4c5bcea1c8b8c4","","","Mon Aug 03 2026 21:49:47 GMT+0530 (India Standard Time)","6a710a694f4c5bcea1c8b901","","","Tue Aug 04 2026 03:08:49 GMT+0530 (India Standard Time)","6a718fec4f4c5bcea1c8ba90","","","Tue Aug 04 2026 12:38:28 GMT+0530 (India Standard Time)"
"+919949062059",4,"6a3fefb66b8cfdcb95230cfa","Sameer","","Sat Jun 27 2026 21:13:50 GMT+0530 (India Standard Time)","6a5f37f0683eb940288ef3f8","Sameer","","Tue Jul 21 2026 14:42:16 GMT+0530 (India Standard Time)","6a5f4771683eb940288f2b1d","Sameer","","Tue Jul 21 2026 15:48:25 GMT+0530 (India Standard Time)","6a5f47b0683eb940288f2e1d","Sameer","","Tue Jul 21 2026 15:49:28 GMT+0530 (India Standard Time)"
"+919391001338",3,"6a45bc3cb1bb3e95908be9b8","Murtuza baig hyd","","Thu Jul 02 2026 06:47:48 GMT+0530 (India Standard Time)","6a59b6c6683eb940287566a5","Murtuza Baig hyd","","Fri Jul 17 2026 10:29:50 GMT+0530 (India Standard Time)","6a5a1728683eb9402877ab9e","Murtuza Baig","","Fri Jul 17 2026 17:21:04 GMT+0530 (India Standard Time)"
"+917829681811",3,"6a634a5694482b58f463574e","Firdouse banu Siddiqui mumb","","Fri Jul 24 2026 16:49:50 GMT+0530 (India Standard Time)","6a634a5694482b58f4635750","Firdouse banu Siddiqui mumb","","Fri Jul 24 2026 16:49:50 GMT+0530 (India Standard Time)","6a634a5694482b58f4635752","Firdouse banu Siddiqui mumb","","Fri Jul 24 2026 16:49:50 GMT+0530 (India Standard Time)"
"+918897451590",3,"6a5b3377683eb940287ae3c6","Aleemuddin Mohammed","","Sat Jul 18 2026 13:34:07 GMT+0530 (India Standard Time)","6a5b35b5683eb940287afa93","Alemuddin","","Sat Jul 18 2026 13:43:41 GMT+0530 (India Standard Time)","6a5f8ea0683eb94028935ff7","Alemuddin","","Tue Jul 21 2026 20:52:08 GMT+0530 (India Standard Time)"
"+919553326666",3,"6a3cc136d6cff81164660b25","Rahmath","","Thu Jun 25 2026 11:18:38 GMT+0530 (India Standard Time)","6a5b8fae683eb940287cbaad","Rahmath","","Sat Jul 18 2026 20:07:34 GMT+0530 (India Standard Time)","6a60d25a3dd11759ca98b98f","Rahmath","","Wed Jul 22 2026 19:53:22 GMT+0530 (India Standard Time)"
"+919972522166",2,"6a507a0a7f2521fe85923749","Fatha khan bang","","Fri Jul 10 2026 10:20:18 GMT+0530 (India Standard Time)","6a5206d37f2521fe859e3f0a","Fatha khan bang","","Sat Jul 11 2026 14:33:15 GMT+0530 (India Standard Time)"
"+917353796055",2,"6a3e71ec51146d1cf313b860","Ali shaikh sultan","","Fri Jun 26 2026 18:04:52 GMT+0530 (India Standard Time)","6a412d9cd2aa946dd336b331","Ali shaikh sultan","","Sun Jun 28 2026 19:50:12 GMT+0530 (India Standard Time)"
"+919553313925",2,"6a44a75bb1bb3e95908be86f","AZGER PASHA SHAIK","","Wed Jul 01 2026 11:06:27 GMT+0530 (India Standard Time)","6a60c9be3dd11759ca98b851","azger shaikh","","Wed Jul 22 2026 19:16:38 GMT+0530 (India Standard Time)"
"+918341410652",2,"6a3e42ec51146d1cf313b7f1","Syed Abdul Rehman","","Fri Jun 26 2026 14:44:20 GMT+0530 (India Standard Time)","6a4f87a77f2521fe85908c4f","Syed Abdul Rehman","","Thu Jul 09 2026 17:06:07 GMT+0530 (India Standard Time)"
"+917702704321",2,"6a58e5c3683eb9402871f865","Rufaydah","","Thu Jul 16 2026 19:38:03 GMT+0530 (India Standard Time)","6a635a0994482b58f4635ccc","Rufaydah Imran Khatoon","","Fri Jul 24 2026 17:56:49 GMT+0530 (India Standard Time)"
"+919440707777",2,"6a571cf42e2b0d7be9e21d88","M.M.JAMAL","","Wed Jul 15 2026 11:09:00 GMT+0530 (India Standard Time)","6a635e0c94482b58f4635e17","M.M.JAMAL","","Fri Jul 24 2026 18:13:56 GMT+0530 (India Standard Time)"
"+919959925667",2,"6a56f61a2e2b0d7be9e02a97","Sameer","","Wed Jul 15 2026 08:23:14 GMT+0530 (India Standard Time)","6a635e7294482b58f4635e3d","Sameer","","Fri Jul 24 2026 18:15:38 GMT+0530 (India Standard Time)"
"+919769171519",2,"6a3cc149d6cff81164660ba2","Yunus Khan","","Thu Jun 25 2026 11:18:57 GMT+0530 (India Standard Time)","6a573a8a2e2b0d7be9e337c1","Yunus Khan","","Wed Jul 15 2026 13:15:14 GMT+0530 (India Standard Time)"
"+911234567890",2,"6a645a7d547d4e8f2be8bb6b","Test Lead","","Sun Jul 12 2026 15:30:00 GMT+0530 (India Standard Time)","6a6c8dabdd599774382235b5","Test User","","Fri Jul 31 2026 17:27:31 GMT+0530 (India Standard Time)"
"+919948270389",2,"6a60c7533dd11759ca98b7ef","mohammed shujauddin","","Wed Jul 22 2026 19:06:19 GMT+0530 (India Standard Time)","6a60d0be3dd11759ca98b972","MOHD SHUJAUDDIN","","Wed Jul 22 2026 19:46:30 GMT+0530 (India Standard Time)"
"+916291280680",2,"6a3d32a6ad8f268e7c515be8","Nisha / Nausheen naaz","","Thu Jun 25 2026 19:22:38 GMT+0530 (India Standard Time)","6a60c86f3dd11759ca98b81e","Nausheen naaz","","Wed Jul 22 2026 19:11:03 GMT+0530 (India Standard Time)"
"+919786595710",2,"6a5760a32e2b0d7be9e48b94","SALIM","","Wed Jul 15 2026 15:57:47 GMT+0530 (India Standard Time)","6a57660c2e2b0d7be9e50fb3","Saalim","","Wed Jul 15 2026 16:20:52 GMT+0530 (India Standard Time)"
"+919666474426",2,"6a428d03b1bb3e95908be4dd","Owaise hyd","","Mon Jun 29 2026 20:49:31 GMT+0530 (India Standard Time)","6a5b7770683eb940287bf34c","Owaise hyd","","Sat Jul 18 2026 18:24:08 GMT+0530 (India Standard Time)"
"+918498916350",2,"6a47b79454385a85474ef2bf","Altaf Hussain","","Fri Jul 03 2026 18:52:28 GMT+0530 (India Standard Time)","6a50ced67f2521fe8595cea8","Altaf Hussain hyd","","Fri Jul 10 2026 16:22:06 GMT+0530 (India Standard Time)"
"+919693481530",2,"6a60c57c3dd11759ca98b7ec","","","Wed Jul 22 2026 18:58:28 GMT+0530 (India Standard Time)","6a7030cf4f4c5bcea1c8b558","Aquib Jawad","","Mon Aug 03 2026 11:40:23 GMT+0530 (India Standard Time)"
"+917794086498",2,"6a58efec683eb94028720998","Saad","","Thu Jul 16 2026 20:21:24 GMT+0530 (India Standard Time)","6a635df494482b58f4635e15","Mohammed abdul jaleel","","Fri Jul 24 2026 18:13:32 GMT+0530 (India Standard Time)"
"+917680827927",2,"6a3cff2aad8f268e7c515b27","Md. Aamir hyd","","Thu Jun 25 2026 15:42:58 GMT+0530 (India Standard Time)","6a5b271a683eb9402879c5d8","Md. Aamir hyd","","Sat Jul 18 2026 12:41:22 GMT+0530 (India Standard Time)"
"+919841724747",2,"6a61c1bde3865111720e84fa","Mohammed Arshad Ansari","","Thu Jul 23 2026 12:54:45 GMT+0530 (India Standard Time)","6a684a7b8980ab9aa38b4f5f","Mohammed Arshad Ansari","","Tue Jul 28 2026 11:51:47 GMT+0530 (India Standard Time)"
"+919949803786",2,"6a5a0397683eb9402876a788","Mir Mahmood Ali khan hyd","","Fri Jul 17 2026 15:57:35 GMT+0530 (India Standard Time)","6a5a03d9683eb9402876aa7d","mir mahmood ali khan hyd","","Fri Jul 17 2026 15:58:41 GMT+0530 (India Standard Time)"
"+916309561983",2,"6a4b5d6ae3c7f82cb085b17f","Ahmed Shariff","","Mon Jul 06 2026 13:16:50 GMT+0530 (India Standard Time)","6a4beb130d1ac564fe8da8ca","Ahmed Shariff","","Mon Jul 06 2026 23:21:15 GMT+0530 (India Standard Time)"
"+919620420768",2,"6a4cd72b4ff7f57dec37a83d","yasmeen taj bang","","Tue Jul 07 2026 16:08:35 GMT+0530 (India Standard Time)","6a57420b2e2b0d7be9e437fe","Yasmeen taj bang","","Wed Jul 15 2026 13:47:15 GMT+0530 (India Standard Time)"
"+919000059877",2,"6a3dc0ddc8016f589d76dd27","Abrar ahmed","","Fri Jun 26 2026 05:29:25 GMT+0530 (India Standard Time)","6a625405e3865111720e8c2d","Abrar Ahmed hyd","","Thu Jul 23 2026 23:18:53 GMT+0530 (India Standard Time)"
"+918939786628",2,"6a6ebc564f4c5bcea1c8ac9b","shaukath","","Sun Aug 02 2026 09:11:10 GMT+0530 (India Standard Time)","6a70ae174f4c5bcea1c8b837","shaukath","","Mon Aug 03 2026 20:34:55 GMT+0530 (India Standard Time)"
"+919886209277",2,"6a61b8f4e3865111720e84e9","Yousuf khan","","Thu Jul 23 2026 12:17:16 GMT+0530 (India Standard Time)","6a64943794482b58f463646e","Yousuf khan bang fashiha's husband","","Sat Jul 25 2026 16:17:19 GMT+0530 (India Standard Time)"
"+918341054617",2,"6a44e909b1bb3e95908be8f7","Mir Mohd Gaffar Ali hyd","","Wed Jul 01 2026 15:46:41 GMT+0530 (India Standard Time)","6a50cb087f2521fe8595c6f8","Mir Mohammed Ali Khan hyd","","Fri Jul 10 2026 16:05:52 GMT+0530 (India Standard Time)"
"+911234353535",2,"6a6094053dd11759ca98b4f5","Test Lead","","Wed Jul 22 2026 15:27:25 GMT+0530 (India Standard Time)","6a631fb294482b58f4635381","Test Lead","","Fri Jul 24 2026 13:47:54 GMT+0530 (India Standard Time)"
"+919886044221",2,"6a4a62c6d008b3640aeec00c","Sadiqa Patel","","Sun Jul 05 2026 19:27:26 GMT+0530 (India Standard Time)","6a51ff207f2521fe859d20d9","Sadiqa Patel","","Sat Jul 11 2026 14:00:24 GMT+0530 (India Standard Time)"
"+919790431670",2,"6a61dbc0e3865111720e8636","ASHFAQ AHAMED","","Thu Jul 23 2026 14:45:44 GMT+0530 (India Standard Time)","6a6e2b494f4c5bcea1c8a90b","ASHFAQ AHAMED","","Sat Aug 01 2026 22:52:17 GMT+0530 (India Standard Time)"
"+919986426275",2,"6a440148b1bb3e95908be7a3","Syed Samir bang","","Tue Jun 30 2026 23:17:52 GMT+0530 (India Standard Time)","6a64db8cdc6071a1621a2c03","Syed Samir Sadiq  bang","","Sat Jul 25 2026 21:21:40 GMT+0530 (India Standard Time)"
"+917337301679",2,"6a5b1768683eb9402879a796","Mushtaq Mohammed hyd","","Sat Jul 18 2026 11:34:24 GMT+0530 (India Standard Time)","6a60ea6fe3865111720e7fc0","Shahana Naazneen hyd","","Wed Jul 22 2026 21:36:07 GMT+0530 (India Standard Time)"
